,top_pick,start_date,end_date,probability,model_accuracy,full_name
0,SKX,2011-02-28,2012-02-28,0.63381427526474,0.5980083810210426,Skechers U S A Inc
1,HEI,2011-02-28,2012-02-28,0.6178601384162903,0.5980083810210426,HEICO Corp
2,CALM,2011-02-28,2012-02-28,0.6000432968139648,0.5980083810210426,Cal Maine Foods Inc
3,AEL,2011-02-28,2012-02-28,0.5984014272689819,0.5980083810210426,American Equity Investment Life Holding Co
4,AFSI,2011-02-28,2012-02-28,0.5983173847198486,0.5980083810210426,AmTrust Financial Services Inc
5,SKX,2011-03-28,2012-03-28,0.5836700201034546,0.5981066582518144,Skechers U S A Inc
6,AFSI,2011-03-28,2012-03-28,0.5738233923912048,0.5981066582518144,AmTrust Financial Services Inc
7,KS,2011-03-28,2012-03-28,0.5634624361991882,0.5981066582518144,KapStone Paper & Packaging Corp
8,BKS,2011-03-28,2012-03-28,0.5588200688362122,0.5981066582518144,Barnes & Noble Inc
9,CNC,2011-03-28,2012-03-28,0.5540518760681152,0.5981066582518144,Centene Corp
10,SKX,2011-04-30,2012-04-30,0.5695772171020508,0.5921160661963609,Skechers U S A Inc
11,AFSI,2011-04-30,2012-04-30,0.569093644618988,0.5921160661963609,AmTrust Financial Services Inc
12,KS,2011-04-30,2012-04-30,0.5618338584899902,0.5921160661963609,KapStone Paper & Packaging Corp
13,HBI,2011-04-30,2012-04-30,0.5574584603309631,0.5921160661963609,Hanesbrands Inc
14,SANM,2011-04-30,2012-04-30,0.5546998977661133,0.5921160661963609,Sanmina Corp
15,AFSI,2011-05-30,2012-05-30,0.5735153555870056,0.5831911369108999,AmTrust Financial Services Inc
16,SKX,2011-05-30,2012-05-30,0.569722592830658,0.5831911369108999,Skechers U S A Inc
17,HBI,2011-05-30,2012-05-30,0.5634607672691345,0.5831911369108999,Hanesbrands Inc
18,KS,2011-05-30,2012-05-30,0.561955988407135,0.5831911369108999,KapStone Paper & Packaging Corp
19,WRB,2011-05-30,2012-05-30,0.5565940737724304,0.5831911369108999,Berkley (W.R.) Corp
20,SKX,2011-06-30,2012-06-30,0.5310284495353699,0.5864492366156059,Skechers U S A Inc
21,CSX,2011-06-30,2012-06-30,0.5285372138023376,0.5864492366156059,CSX Corp
22,AFSI,2011-06-30,2012-06-30,0.5285372138023376,0.5864492366156059,AmTrust Financial Services Inc
23,KS,2011-06-30,2012-06-30,0.5275353789329529,0.5864492366156059,KapStone Paper & Packaging Corp
24,UFPI,2011-06-30,2012-06-30,0.5264368057250977,0.5864492366156059,UFP Industries Inc
25,SYA,2011-07-30,2012-07-30,0.5135786533355713,0.5777006629642091,Symetra Financial Corp
26,VSH,2011-07-30,2012-07-30,0.5135786533355713,0.5777006629642091,Vishay Intertechnology Inc.
27,ELNK,2011-07-30,2012-07-30,0.5135786533355713,0.5777006629642091,EarthLink Holdings Corp
28,KS,2011-07-30,2012-07-30,0.5135786533355713,0.5777006629642091,KapStone Paper & Packaging Corp
29,CMA,2011-07-30,2012-07-30,0.5135786533355713,0.5777006629642091,Comerica Incorporated
30,AEL,2011-08-31,2012-08-31,0.5060592293739319,0.5826369096347094,American Equity Investment Life Holding Co
31,LNC,2011-08-31,2012-08-31,0.5060592293739319,0.5826369096347094,Lincoln National Corp
32,PACW,2011-08-31,2012-08-31,0.505180299282074,0.5826369096347094,Pac-West Telecomm Inc
33,SYA,2011-08-31,2012-08-31,0.5051440000534058,0.5826369096347094,Symetra Financial Corp
34,FOE,2011-08-31,2012-08-31,0.5045304894447327,0.5826369096347094,Ferro Corp.
35,KS,2011-09-30,2012-09-30,0.5454770922660828,0.5801705990250646,KapStone Paper & Packaging Corp
36,AFSI,2011-09-30,2012-09-30,0.5446601510047913,0.5801705990250646,AmTrust Financial Services Inc
37,TRN,2011-09-30,2012-09-30,0.5406807065010071,0.5801705990250646,Trinity Industries Inc
38,FOE,2011-09-30,2012-09-30,0.5400997996330261,0.5801705990250646,Ferro Corp.
39,AXL,2011-09-30,2012-09-30,0.5394344329833984,0.5801705990250646,American Axle & Manufacturing Holdings Inc
40,AFSI,2011-10-30,2012-10-30,0.5467694997787476,0.585375138273325,AmTrust Financial Services Inc
41,CSX,2011-10-30,2012-10-30,0.5455752611160278,0.585375138273325,CSX Corp
42,JNY,2011-10-30,2012-10-30,0.5454574823379517,0.585375138273325,Jones Group Inc (The)
43,KS,2011-10-30,2012-10-30,0.542616069316864,0.585375138273325,KapStone Paper & Packaging Corp
44,HBI,2011-10-30,2012-10-30,0.5422079563140869,0.585375138273325,Hanesbrands Inc
45,RJF,2011-11-30,2012-11-30,0.5195419192314148,0.5666583716037372,Raymond James Financial Inc.
46,CSX,2011-11-30,2012-11-30,0.5188614726066589,0.5666583716037372,CSX Corp
47,AFSI,2011-11-30,2012-11-30,0.5188614726066589,0.5666583716037372,AmTrust Financial Services Inc
48,KS,2011-11-30,2012-11-30,0.5188614726066589,0.5666583716037372,KapStone Paper & Packaging Corp
49,HBI,2011-11-30,2012-11-30,0.5188614726066589,0.5666583716037372,Hanesbrands Inc
50,FOE,2011-12-30,2012-12-30,0.5416164994239807,0.5821450023869789,Ferro Corp.
51,KS,2011-12-30,2012-12-30,0.5378539562225342,0.5821450023869789,KapStone Paper & Packaging Corp
52,JNY,2011-12-30,2012-12-30,0.5369787812232971,0.5821450023869789,Jones Group Inc (The)
53,BKS,2011-12-30,2012-12-30,0.5354461669921875,0.5821450023869789,Barnes & Noble Inc
54,CYH,2011-12-30,2012-12-30,0.5352616310119629,0.5821450023869789,Community Health Systems Inc
55,AFSI,2012-01-31,2013-01-31,0.5654932856559753,0.584206896858503,AmTrust Financial Services Inc
56,JNY,2012-01-31,2013-01-31,0.5637850761413574,0.584206896858503,Jones Group Inc (The)
57,KS,2012-01-31,2013-01-31,0.5608227849006653,0.584206896858503,KapStone Paper & Packaging Corp
58,AMZN,2012-01-31,2013-01-31,0.5545490384101868,0.584206896858503,Amazon.com Inc
59,GEO,2012-01-31,2013-01-31,0.5541208386421204,0.584206896858503,GEO Group Inc (The)
60,KS,2012-02-29,2013-02-28,0.5603027939796448,0.5786560058663939,KapStone Paper & Packaging Corp
61,CSX,2012-02-29,2013-02-28,0.5597313046455383,0.5786560058663939,CSX Corp
62,TRN,2012-02-29,2013-02-28,0.5588907599449158,0.5786560058663939,Trinity Industries Inc
63,ENSG,2012-02-29,2013-02-28,0.5578773021697998,0.5786560058663939,Ensign Group Inc (The)
64,AFSI,2012-02-29,2013-02-28,0.5569827556610107,0.5786560058663939,AmTrust Financial Services Inc
65,KS,2012-03-29,2013-03-29,0.656509280204773,0.5794903077131626,KapStone Paper & Packaging Corp
66,ENSG,2012-03-29,2013-03-29,0.620906412601471,0.5794903077131626,Ensign Group Inc (The)
67,AFSI,2012-03-29,2013-03-29,0.6155735850334167,0.5794903077131626,AmTrust Financial Services Inc
68,CMCSA,2012-03-29,2013-03-29,0.6137081980705261,0.5794903077131626,Comcast Corp
69,TRN,2012-03-29,2013-03-29,0.6112476587295532,0.5794903077131626,Trinity Industries Inc
70,KS,2012-04-30,2013-04-30,0.6278635859489441,0.5801506953502021,KapStone Paper & Packaging Corp
71,CSX,2012-04-30,2013-04-30,0.605144202709198,0.5801506953502021,CSX Corp
72,TRN,2012-04-30,2013-04-30,0.6040303707122803,0.5801506953502021,Trinity Industries Inc
73,AFSI,2012-04-30,2013-04-30,0.6006150841712952,0.5801506953502021,AmTrust Financial Services Inc
74,SKX,2012-04-30,2013-04-30,0.5978456139564514,0.5801506953502021,Skechers U S A Inc
75,KS,2012-05-30,2013-05-30,0.6667371392250061,0.5786848026840999,KapStone Paper & Packaging Corp
76,TPX,2012-05-30,2013-05-30,0.6523607969284058,0.5786848026840999,Tempur Sealy International Inc
77,HBI,2012-05-30,2013-05-30,0.6432019472122192,0.5786848026840999,Hanesbrands Inc
78,SPWR,2012-05-30,2013-05-30,0.6384288668632507,0.5786848026840999,SunPower Corp
79,CNC,2012-05-30,2013-05-30,0.6369118690490723,0.5786848026840999,Centene Corp
80,KS,2012-06-30,2013-06-30,0.7079792618751526,0.5770342758605116,KapStone Paper & Packaging Corp
81,SKX,2012-06-30,2013-06-30,0.6623077392578125,0.5770342758605116,Skechers U S A Inc
82,AKS,2012-06-30,2013-06-30,0.6525829434394836,0.5770342758605116,AK Steel Holding Corp
83,ARX,2012-06-30,2013-06-30,0.6443198323249817,0.5770342758605116,Aeroflex Holding Corp
84,CNC,2012-06-30,2013-06-30,0.6424241662025452,0.5770342758605116,Centene Corp
85,HPQ,2012-07-30,2013-07-30,0.562992513179779,0.5783657934635219,HP Inc
86,AFSI,2012-07-30,2013-07-30,0.5625367164611816,0.5783657934635219,AmTrust Financial Services Inc
87,HEI,2012-07-30,2013-07-30,0.5535467267036438,0.5783657934635219,HEICO Corp
88,KS,2012-07-30,2013-07-30,0.5526278614997864,0.5783657934635219,KapStone Paper & Packaging Corp
89,SKX,2012-07-30,2013-07-30,0.5483348965644836,0.5783657934635219,Skechers U S A Inc
90,KS,2012-08-31,2013-08-31,0.6318494081497192,0.5743565216244397,KapStone Paper & Packaging Corp
91,FDML,2012-08-31,2013-08-31,0.6170640587806702,0.5743565216244397,Federal-Mogul Holdings Corp
92,CNC,2012-08-31,2013-08-31,0.6152699589729309,0.5743565216244397,Centene Corp
93,GNTX,2012-08-31,2013-08-31,0.6108502149581909,0.5743565216244397,Gentex Corporation
94,TRN,2012-08-31,2013-08-31,0.607877254486084,0.5743565216244397,Trinity Industries Inc
95,KS,2012-09-30,2013-09-30,0.5886927247047424,0.5713005292196824,KapStone Paper & Packaging Corp
96,SKX,2012-09-30,2013-09-30,0.5854382514953613,0.5713005292196824,Skechers U S A Inc
97,AFSI,2012-09-30,2013-09-30,0.5768865346908569,0.5713005292196824,AmTrust Financial Services Inc
98,ENSG,2012-09-30,2013-09-30,0.576437771320343,0.5713005292196824,Ensign Group Inc (The)
99,TPX,2012-09-30,2013-09-30,0.5757933855056763,0.5713005292196824,Tempur Sealy International Inc
100,ENSG,2012-10-30,2013-10-30,0.5686560273170471,0.5710844312345852,Ensign Group Inc (The)
101,KS,2012-10-30,2013-10-30,0.5680612921714783,0.5710844312345852,KapStone Paper & Packaging Corp
102,PEGA,2012-10-30,2013-10-30,0.5626830458641052,0.5710844312345852,Pegasystems Inc
103,TPX,2012-10-30,2013-10-30,0.5580310225486755,0.5710844312345852,Tempur Sealy International Inc
104,SKX,2012-10-30,2013-10-30,0.5551745891571045,0.5710844312345852,Skechers U S A Inc
105,KS,2012-11-30,2013-11-30,0.5981377363204956,0.5702982899394864,KapStone Paper & Packaging Corp
106,SKX,2012-11-30,2013-11-30,0.5886821150779724,0.5702982899394864,Skechers U S A Inc
107,ENSG,2012-11-30,2013-11-30,0.5876933336257935,0.5702982899394864,Ensign Group Inc (The)
108,GNTX,2012-11-30,2013-11-30,0.5851066708564758,0.5702982899394864,Gentex Corporation
109,TPX,2012-11-30,2013-11-30,0.5849677920341492,0.5702982899394864,Tempur Sealy International Inc
110,KS,2012-12-30,2013-12-30,0.5960588455200195,0.5661340051829052,KapStone Paper & Packaging Corp
111,SKX,2012-12-30,2013-12-30,0.5863510370254517,0.5661340051829052,Skechers U S A Inc
112,PEGA,2012-12-30,2013-12-30,0.5859155058860779,0.5661340051829052,Pegasystems Inc
113,FIZZ,2012-12-30,2013-12-30,0.5823220610618591,0.5661340051829052,National Beverage Corp
114,ENSG,2012-12-30,2013-12-30,0.5813889503479004,0.5661340051829052,Ensign Group Inc (The)
115,FIZZ,2013-01-31,2014-01-31,0.5936278104782104,0.5663207701526105,National Beverage Corp
116,GNTX,2013-01-31,2014-01-31,0.5735303163528442,0.5663207701526105,Gentex Corporation
117,NVDA,2013-01-31,2014-01-31,0.5685506463050842,0.5663207701526105,NVIDIA Corporation
118,KS,2013-01-31,2014-01-31,0.568539023399353,0.5663207701526105,KapStone Paper & Packaging Corp
119,SSNC,2013-01-31,2014-01-31,0.5647957921028137,0.5663207701526105,SS&C Technologies Holdings Inc
120,FIZZ,2013-02-28,2014-02-28,0.5562263131141663,0.5663256290895416,National Beverage Corp
121,SKX,2013-02-28,2014-02-28,0.5526210069656372,0.5663256290895416,Skechers U S A Inc
122,TREX,2013-02-28,2014-02-28,0.5488312244415283,0.5663256290895416,LSB Corp
123,FDML,2013-02-28,2014-02-28,0.5481868386268616,0.5663256290895416,Federal-Mogul Holdings Corp
124,CNC,2013-02-28,2014-02-28,0.5475069880485535,0.5663256290895416,Centene Corp
125,SBNY,2013-03-28,2014-03-28,0.6017184853553772,0.5667424342093501,Signature Bank
126,TDG,2013-03-28,2014-03-28,0.5764217972755432,0.5667424342093501,TransDigm Group Inc
127,AAPL,2013-03-28,2014-03-28,0.5713547468185425,0.5667424342093501,Apple Inc
128,GNRC,2013-03-28,2014-03-28,0.5649974942207336,0.5667424342093501,Generac Holdings Inc
129,IART,2013-03-28,2014-03-28,0.5628941059112549,0.5667424342093501,Integra LifeSciences Holdings Corp
130,FIZZ,2013-04-30,2014-04-30,0.5247547030448914,0.5650899004826878,National Beverage Corp
131,SBNY,2013-04-30,2014-04-30,0.5236763954162598,0.5650899004826878,Signature Bank
132,ACCO,2013-04-30,2014-04-30,0.5235306620597839,0.5650899004826878,ACCO Brands Corp
133,WRB,2013-04-30,2014-04-30,0.5226537585258484,0.5650899004826878,Berkley (W.R.) Corp
134,FOE,2013-04-30,2014-04-30,0.5223579406738281,0.5650899004826878,Ferro Corp.
135,TPX,2013-05-30,2014-05-30,0.5782553553581238,0.5703504164141244,Tempur Sealy International Inc
136,CQB,2013-05-30,2014-05-30,0.5742833018302917,0.5703504164141244,Chiquita Brands International Inc
137,FDML,2013-05-30,2014-05-30,0.574270486831665,0.5703504164141244,Federal-Mogul Holdings Corp
138,ACCO,2013-05-30,2014-05-30,0.573417067527771,0.5703504164141244,ACCO Brands Corp
139,FTNT,2013-05-30,2014-05-30,0.5731379985809326,0.5703504164141244,Fortinet Inc
140,TDG,2013-06-30,2014-06-30,0.634953498840332,0.5708893346698705,TransDigm Group Inc
141,HAFC,2013-06-30,2014-06-30,0.6139832139015198,0.5708893346698705,Hanmi Financial Corp
142,CACC,2013-06-30,2014-06-30,0.6134787797927856,0.5708893346698705,Credit Acceptance Corp
143,CHTR,2013-06-30,2014-06-30,0.6117984056472778,0.5708893346698705,Charter Communications Inc
144,GNRC,2013-06-30,2014-06-30,0.6110700964927673,0.5708893346698705,Generac Holdings Inc
145,TDG,2013-07-30,2014-07-30,0.7089415192604065,0.5699939435883492,TransDigm Group Inc
146,WRLD,2013-07-30,2014-07-30,0.6599329113960266,0.5699939435883492,World Acceptance Corp
147,GNRC,2013-07-30,2014-07-30,0.637261688709259,0.5699939435883492,Generac Holdings Inc
148,AL,2013-07-30,2014-07-30,0.6248671412467957,0.5699939435883492,Air Lease Corp
149,KRA,2013-07-30,2014-07-30,0.6124235987663269,0.5699939435883492,Kraton Corp
150,TDG,2013-08-31,2014-08-31,0.6471101641654968,0.5727802456155092,TransDigm Group Inc
151,FTNT,2013-08-31,2014-08-31,0.6342929601669312,0.5727802456155092,Fortinet Inc
152,UAM,2013-08-31,2014-08-31,0.6283905506134033,0.5727802456155092,United Asset Management Corp
153,DHX,2013-08-31,2014-08-31,0.6158557534217834,0.5727802456155092,DHI Group Inc
154,ECPG,2013-08-31,2014-08-31,0.6145758032798767,0.5727802456155092,Encore Capital Group Inc
155,ACCO,2013-09-30,2014-09-30,0.6619073748588562,0.5725342649825317,ACCO Brands Corp
156,TDG,2013-09-30,2014-09-30,0.6341232061386108,0.5725342649825317,TransDigm Group Inc
157,UAM,2013-09-30,2014-09-30,0.6270489692687988,0.5725342649825317,United Asset Management Corp
158,TPX,2013-09-30,2014-09-30,0.6258015632629395,0.5725342649825317,Tempur Sealy International Inc
159,MDXG,2013-09-30,2014-09-30,0.612902045249939,0.5725342649825317,MiMedx Group Inc
160,CENX,2013-10-30,2014-10-30,0.6704356074333191,0.571976967016816,Century Aluminum Co
161,ACCO,2013-10-30,2014-10-30,0.6596935391426086,0.571976967016816,ACCO Brands Corp
162,AKS,2013-10-30,2014-10-30,0.6553798913955688,0.571976967016816,AK Steel Holding Corp
163,TDG,2013-10-30,2014-10-30,0.6496774554252625,0.571976967016816,TransDigm Group Inc
164,CHTR,2013-10-30,2014-10-30,0.6450862884521484,0.571976967016816,Charter Communications Inc
165,KRA,2013-11-30,2014-11-30,0.6377951502799988,0.5730334569169607,Kraton Corp
166,AKS,2013-11-30,2014-11-30,0.6338101625442505,0.5730334569169607,AK Steel Holding Corp
167,UAM,2013-11-30,2014-11-30,0.6292919516563416,0.5730334569169607,United Asset Management Corp
168,FTNT,2013-11-30,2014-11-30,0.6181715726852417,0.5730334569169607,Fortinet Inc
169,ECPG,2013-11-30,2014-11-30,0.612916111946106,0.5730334569169607,Encore Capital Group Inc
170,ACCO,2013-12-30,2014-12-30,0.6626030802726746,0.5735809139978839,ACCO Brands Corp
171,AKS,2013-12-30,2014-12-30,0.6230873465538025,0.5735809139978839,AK Steel Holding Corp
172,SKX,2013-12-30,2014-12-30,0.6221770644187927,0.5735809139978839,Skechers U S A Inc
173,KRA,2013-12-30,2014-12-30,0.613493025302887,0.5735809139978839,Kraton Corp
174,BYD,2013-12-30,2014-12-30,0.6084395051002502,0.5735809139978839,Boyd Gaming Corp
175,ACCO,2014-01-31,2015-01-31,0.6503831744194031,0.5721163010858203,ACCO Brands Corp
176,AMKR,2014-01-31,2015-01-31,0.6104604601860046,0.5721163010858203,Amkor Technology Inc
177,GTI,2014-01-31,2015-01-31,0.6094338297843933,0.5721163010858203,Graftech International Ltd
178,KRA,2014-01-31,2015-01-31,0.6065747737884521,0.5721163010858203,Kraton Corp
179,X,2014-01-31,2015-01-31,0.5971378684043884,0.5721163010858203,Marathon Oil Corp
180,ACCO,2014-02-28,2015-02-28,0.6014507412910461,0.5733467864688612,ACCO Brands Corp
181,AFSI,2014-02-28,2015-02-28,0.5934014916419983,0.5733467864688612,AmTrust Financial Services Inc
182,NNI,2014-02-28,2015-02-28,0.5882529616355896,0.5733467864688612,Nelnet Inc.
183,CHTR,2014-02-28,2015-02-28,0.583755612373352,0.5733467864688612,Charter Communications Inc
184,RF,2014-02-28,2015-02-28,0.5812936425209045,0.5733467864688612,Railroad Financial Corp
185,ACCO,2014-03-28,2015-03-28,0.6502388715744019,0.5726492148313125,ACCO Brands Corp
186,RF,2014-03-28,2015-03-28,0.6262223720550537,0.5726492148313125,Railroad Financial Corp
187,CHTR,2014-03-28,2015-03-28,0.6200509071350098,0.5726492148313125,Charter Communications Inc
188,PENN,2014-03-28,2015-03-28,0.6156175136566162,0.5726492148313125,Penn National Gaming Inc
189,CLF,2014-03-28,2015-03-28,0.5967963933944702,0.5726492148313125,Cleveland-Cliffs Inc
190,AKS,2014-04-30,2015-04-30,0.6086588501930237,0.5734678820298267,AK Steel Holding Corp
191,ACCO,2014-04-30,2015-04-30,0.6007283926010132,0.5734678820298267,ACCO Brands Corp
192,GFF,2014-04-30,2015-04-30,0.5892512798309326,0.5734678820298267,Griffon Corp.
193,CLF,2014-04-30,2015-04-30,0.5859581828117371,0.5734678820298267,Cleveland-Cliffs Inc
194,NAV,2014-04-30,2015-04-30,0.5850579142570496,0.5734678820298267,Navistar International Corp
195,BKS,2014-05-30,2015-05-30,0.6122798919677734,0.5717426572941747,Barnes & Noble Inc
196,ACCO,2014-05-30,2015-05-30,0.6083232760429382,0.5717426572941747,ACCO Brands Corp
197,CHTR,2014-05-30,2015-05-30,0.6017314195632935,0.5717426572941747,Charter Communications Inc
198,KRA,2014-05-30,2015-05-30,0.6011407375335693,0.5717426572941747,Kraton Corp
199,IRDM,2014-05-30,2015-05-30,0.5977926254272461,0.5717426572941747,Iridium Communications Inc
200,GFF,2014-06-30,2015-06-30,0.5857789516448975,0.571611349088214,Griffon Corp.
201,ENSG,2014-06-30,2015-06-30,0.5780773162841797,0.571611349088214,Ensign Group Inc (The)
202,AKS,2014-06-30,2015-06-30,0.5742484927177429,0.571611349088214,AK Steel Holding Corp
203,MERC,2014-06-30,2015-06-30,0.5684763193130493,0.571611349088214,Mercer International Inc
204,CLF,2014-06-30,2015-06-30,0.5659787654876709,0.571611349088214,Cleveland-Cliffs Inc
205,UCBI,2014-07-30,2015-07-30,0.5985168814659119,0.5708600486402831,United Community Banks Inc
206,PVTB,2014-07-30,2015-07-30,0.5853842496871948,0.5708600486402831,PrivateBancorp Inc
207,AL,2014-07-30,2015-07-30,0.5783670544624329,0.5708600486402831,Air Lease Corp
208,NNI,2014-07-30,2015-07-30,0.5753446817398071,0.5708600486402831,Nelnet Inc.
209,ZSPH,2014-07-30,2015-07-30,0.5737090110778809,0.5708600486402831,ZS Pharma Inc
210,PVTB,2014-08-31,2015-08-31,0.6168454885482788,0.567483672927012,PrivateBancorp Inc
211,SBNY,2014-08-31,2015-08-31,0.6051303744316101,0.567483672927012,Signature Bank
212,UCBI,2014-08-31,2015-08-31,0.5986067652702332,0.567483672927012,United Community Banks Inc
213,AL,2014-08-31,2015-08-31,0.5976520776748657,0.567483672927012,Air Lease Corp
214,GNRC,2014-08-31,2015-08-31,0.592028021812439,0.567483672927012,Generac Holdings Inc
215,PACW,2014-09-30,2015-09-30,0.5100705623626709,0.5517627952700256,Pac-West Telecomm Inc
216,BK,2014-09-30,2015-09-30,0.5100705623626709,0.5517627952700256,Bank of New York Mellon Corp (The)
217,WTFC,2014-09-30,2015-09-30,0.5100705623626709,0.5517627952700256,Wintrust Financial Corp.
218,KRA,2014-09-30,2015-09-30,0.5085502862930298,0.5517627952700256,Kraton Corp
219,PLCM,2014-09-30,2015-09-30,0.5085502862930298,0.5517627952700256,Polycom Inc
220,CAVM,2014-10-30,2015-10-30,0.514475405216217,0.5458991720296027,Cavium Inc
221,SMTC,2014-10-30,2015-10-30,0.514475405216217,0.5458991720296027,Semtech Corp
222,CBF,2014-10-30,2015-10-30,0.5088070034980774,0.5458991720296027,Capital Bank Financial Corp
223,CFG,2014-10-30,2015-10-30,0.5088070034980774,0.5458991720296027,Citizens Financial Group Inc
224,VOYA,2014-10-30,2015-10-30,0.5088070034980774,0.5458991720296027,Voya Financial Inc
225,CLF,2014-11-30,2015-11-30,0.535244345664978,0.5623193514275643,Cleveland-Cliffs Inc
226,TWI,2014-11-30,2015-11-30,0.5297678709030151,0.5623193514275643,Titan International Inc
227,ZSPH,2014-11-30,2015-11-30,0.5258876085281372,0.5623193514275643,ZS Pharma Inc
228,SYA,2014-11-30,2015-11-30,0.5251504182815552,0.5623193514275643,Symetra Financial Corp
229,RYAM,2014-11-30,2015-11-30,0.5232970714569092,0.5623193514275643,Rayonier Advanced Materials Inc
230,CATY,2014-12-30,2015-12-30,0.5048004984855652,0.5465253475603085,Cathay General Bancorp
231,FNSR,2014-12-30,2015-12-30,0.5025715231895447,0.5465253475603085,Finisar Corp
232,QTWO,2014-12-30,2015-12-30,0.5025715231895447,0.5465253475603085,Q2 Holdings Inc
233,BLDR,2014-12-30,2015-12-30,0.5025715231895447,0.5465253475603085,Builders FirstSource Inc
234,PHM,2014-12-30,2015-12-30,0.5025715231895447,0.5465253475603085,PulteGroup Inc
235,VOYA,2015-01-31,2016-01-31,0.5105108022689819,0.5539436340835587,Voya Financial Inc
236,VTL,2015-01-31,2016-01-31,0.5097532272338867,0.5539436340835587,Immunic Inc
237,SYA,2015-01-31,2016-01-31,0.5097532272338867,0.5539436340835587,Symetra Financial Corp
238,WIBC,2015-01-31,2016-01-31,0.5081034302711487,0.5539436340835587,Wilshire Bancorp Inc
239,RYAM,2015-01-31,2016-01-31,0.5080372095108032,0.5539436340835587,Rayonier Advanced Materials Inc
240,LBRDA,2015-02-28,2016-02-28,0.5460122227668762,0.5473015037526083,Liberty Broadband Corp
241,VIVO,2015-02-28,2016-02-28,0.542081892490387,0.5473015037526083,Meridian Bioscience Inc
242,RYAM,2015-02-28,2016-02-28,0.542081892490387,0.5473015037526083,Rayonier Advanced Materials Inc
243,FAST,2015-02-28,2016-02-28,0.542081892490387,0.5473015037526083,Fastenal Co
244,LNC,2015-02-28,2016-02-28,0.5343655347824097,0.5473015037526083,Lincoln National Corp
245,GNW,2015-03-28,2016-03-28,0.5085961818695068,0.5457242697962682,Genworth Financial Inc
246,AMBC,2015-03-28,2016-03-28,0.5085961818695068,0.5457242697962682,Ambac Financial Group Inc
247,VOYA,2015-03-28,2016-03-28,0.5085961818695068,0.5457242697962682,Voya Financial Inc
248,BAC,2015-03-28,2016-03-28,0.5085961818695068,0.5457242697962682,Bank of America Corp
249,MBI,2015-03-28,2016-03-28,0.5085961818695068,0.5457242697962682,MBIA Inc.
250,AMBC,2015-04-30,2016-04-30,0.5630335807800293,0.5600451360951606,Ambac Financial Group Inc
251,RYAM,2015-04-30,2016-04-30,0.5619646906852722,0.5600451360951606,Rayonier Advanced Materials Inc
252,CLF,2015-04-30,2016-04-30,0.5577903389930725,0.5600451360951606,Cleveland-Cliffs Inc
253,FDML,2015-04-30,2016-04-30,0.5565234422683716,0.5600451360951606,Federal-Mogul Holdings Corp
254,TWI,2015-04-30,2016-04-30,0.5565234422683716,0.5600451360951606,Titan International Inc
255,SBNY,2015-05-30,2016-05-30,0.5772731304168701,0.5451232032095932,Signature Bank
256,ACAD,2015-05-30,2016-05-30,0.5685896873474121,0.5451232032095932,Acadia Pharmaceuticals Inc
257,JOE,2015-05-30,2016-05-30,0.5685896873474121,0.5451232032095932,St. Joe Co (The)
258,NNI,2015-05-30,2016-05-30,0.5685896873474121,0.5451232032095932,Nelnet Inc.
259,YELP,2015-05-30,2016-05-30,0.5651131868362427,0.5451232032095932,Yelp Inc
260,ACAS,2015-06-30,2016-06-30,0.5093337297439575,0.5462761578728478,American Capital Ltd
261,ACAD,2015-06-30,2016-06-30,0.5093337297439575,0.5462761578728478,Acadia Pharmaceuticals Inc
262,AL,2015-06-30,2016-06-30,0.5093337297439575,0.5462761578728478,Air Lease Corp
263,SLM,2015-06-30,2016-06-30,0.5093337297439575,0.5462761578728478,SLM Corp
264,FGL,2015-06-30,2016-06-30,0.5093337297439575,0.5462761578728478,Fidelity & Guaranty Life
265,SBNY,2015-07-30,2016-07-30,0.5666049718856812,0.5625701607975533,Signature Bank
266,AVP,2015-07-30,2016-07-30,0.5639540553092957,0.5625701607975533,Avon Products Inc.
267,PBYI,2015-07-30,2016-07-30,0.5626638531684875,0.5625701607975533,Puma Biotechnology Inc
268,GNW,2015-07-30,2016-07-30,0.546865701675415,0.5625701607975533,Genworth Financial Inc
269,FBP,2015-07-30,2016-07-30,0.5460028052330017,0.5625701607975533,First BanCorp (Puerto Rico)
270,ACAD,2015-08-31,2016-08-31,0.5705485939979553,0.5607223673092698,Acadia Pharmaceuticals Inc
271,JOY,2015-08-31,2016-08-31,0.565087080001831,0.5607223673092698,Joy Global Inc
272,NCR,2015-08-31,2016-08-31,0.5574979186058044,0.5607223673092698,NCR Corp
273,HUN,2015-08-31,2016-08-31,0.5554506778717041,0.5607223673092698,Hunt Corp
274,GNRC,2015-08-31,2016-08-31,0.5553165078163147,0.5607223673092698,Generac Holdings Inc
275,WAL,2015-09-30,2016-09-30,0.5388303995132446,0.5624583643702362,Wahlco Environmental Systems
276,JOY,2015-09-30,2016-09-30,0.5384814739227295,0.5624583643702362,Joy Global Inc
277,LNC,2015-09-30,2016-09-30,0.5349057912826538,0.5624583643702362,Lincoln National Corp
278,NCR,2015-09-30,2016-09-30,0.5342692732810974,0.5624583643702362,NCR Corp
279,RFP,2015-09-30,2016-09-30,0.5337632298469543,0.5624583643702362,Resolute Forest Products Inc
280,JOY,2015-10-30,2016-10-30,0.5780618190765381,0.5647128818699636,Joy Global Inc
281,HPQ,2015-10-30,2016-10-30,0.5662332773208618,0.5647128818699636,HP Inc
282,FCX,2015-10-30,2016-10-30,0.5580345988273621,0.5647128818699636,Freeport-McMoRan Inc
283,CC,2015-10-30,2016-10-30,0.5569931268692017,0.5647128818699636,Chemours Co (The)
284,PENN,2015-10-30,2016-10-30,0.5536140203475952,0.5647128818699636,Penn National Gaming Inc
285,HCA,2015-11-30,2016-11-30,0.5228896141052246,0.542992890573492,HCA Healthcare Inc
286,OKE,2015-11-30,2016-11-30,0.5228896141052246,0.542992890573492,ONEOK Inc
287,NAVI,2015-11-30,2016-11-30,0.5227559208869934,0.542992890573492,Butler International Inc
288,AMP,2015-11-30,2016-11-30,0.5164348483085632,0.542992890573492,Ameriprise Financial Inc
289,NNI,2015-11-30,2016-11-30,0.5141397714614868,0.542992890573492,Nelnet Inc.
290,BLK,2015-12-30,2016-12-30,0.5162450671195984,0.5432991309785133,Blackrock Inc
291,MTB,2015-12-30,2016-12-30,0.5162450671195984,0.5432991309785133,M&T Bank Corp
292,SBNY,2015-12-30,2016-12-30,0.5162450671195984,0.5432991309785133,Signature Bank
293,ERIE,2015-12-30,2016-12-30,0.5162450671195984,0.5432991309785133,Erie Indemnity Co
294,AMP,2015-12-30,2016-12-30,0.5162450671195984,0.5432991309785133,Ameriprise Financial Inc
295,MTB,2016-01-31,2017-01-31,0.5259531736373901,0.5429674306235286,M&T Bank Corp
296,OI,2016-01-31,2017-01-31,0.5204837322235107,0.5429674306235286,O I Glass Inc
297,GNCMA,2016-01-31,2017-01-31,0.5204837322235107,0.5429674306235286,GCI Liberty Inc -Old
298,BLDR,2016-01-31,2017-01-31,0.5204837322235107,0.5429674306235286,Builders FirstSource Inc
299,SSB,2016-01-31,2017-01-31,0.5179668068885803,0.5429674306235286,SouthState Corporation
300,SBNY,2016-02-29,2017-02-28,0.5893390774726868,0.5576498423313794,Signature Bank
301,WAL,2016-02-29,2017-02-28,0.58756023645401,0.5576498423313794,Wahlco Environmental Systems
302,FFG,2016-02-29,2017-02-28,0.5812563300132751,0.5576498423313794,FBL Financial Group Inc.
303,SIVB,2016-02-29,2017-02-28,0.5772814154624939,0.5576498423313794,SVB Financial Group
304,VOYA,2016-02-29,2017-02-28,0.5759819746017456,0.5576498423313794,Voya Financial Inc
305,PVTB,2016-03-29,2017-03-29,0.6121092438697815,0.5577773412776359,PrivateBancorp Inc
306,SBNY,2016-03-29,2017-03-29,0.5986131429672241,0.5577773412776359,Signature Bank
307,EGBN,2016-03-29,2017-03-29,0.596935510635376,0.5577773412776359,Eagle Bancorp Inc
308,SIVB,2016-03-29,2017-03-29,0.5966212153434753,0.5577773412776359,SVB Financial Group
309,RFP,2016-03-29,2017-03-29,0.5874212384223938,0.5577773412776359,Resolute Forest Products Inc
310,SBNY,2016-04-30,2017-04-30,0.6107396483421326,0.5579379521136228,Signature Bank
311,WAL,2016-04-30,2017-04-30,0.5940289497375488,0.5579379521136228,Wahlco Environmental Systems
312,SPXC,2016-04-30,2017-04-30,0.5832512974739075,0.5579379521136228,SPX Corp
313,PVTB,2016-04-30,2017-04-30,0.5774003267288208,0.5579379521136228,PrivateBancorp Inc
314,GPS,2016-04-30,2017-04-30,0.5748804211616516,0.5579379521136228,Gap Inc
315,SPXC,2016-05-30,2017-05-30,0.5862937569618225,0.5580544840594339,SPX Corp
316,RYAM,2016-05-30,2017-05-30,0.5832737684249878,0.5580544840594339,Rayonier Advanced Materials Inc
317,KRO,2016-05-30,2017-05-30,0.5680361390113831,0.5580544840594339,Kronos Worldwide Inc
318,CC,2016-05-30,2017-05-30,0.5655728578567505,0.5580544840594339,Chemours Co (The)
319,VRNS,2016-05-30,2017-05-30,0.5627121925354004,0.5580544840594339,Varonis Systems Inc
320,RYAM,2016-06-30,2017-06-30,0.7305688858032227,0.5642682926829268,Rayonier Advanced Materials Inc
321,CBF,2016-06-30,2017-06-30,0.7175450921058655,0.5642682926829268,Capital Bank Financial Corp
322,AZO,2016-06-30,2017-06-30,0.6935189366340637,0.5642682926829268,AutoZone Inc
323,MTCH,2016-06-30,2017-06-30,0.6828110814094543,0.5642682926829268,Match Group Inc
324,KRO,2016-06-30,2017-06-30,0.6792848706245422,0.5642682926829268,Kronos Worldwide Inc
325,CBF,2016-07-30,2017-07-30,0.7400697469711304,0.5635118790670919,Capital Bank Financial Corp
326,CLF,2016-07-30,2017-07-30,0.733379602432251,0.5635118790670919,Cleveland-Cliffs Inc
327,TDG,2016-07-30,2017-07-30,0.7312865257263184,0.5635118790670919,TransDigm Group Inc
328,TTI,2016-07-30,2017-07-30,0.7152820825576782,0.5635118790670919,TETRA Technologies Inc.
329,PNK,2016-07-30,2017-07-30,0.7104405164718628,0.5635118790670919,Pinnacle Entertainment Inc.
330,SBNY,2016-08-31,2017-08-31,0.5829740166664124,0.5596614669685305,Signature Bank
331,RF,2016-08-31,2017-08-31,0.579011082649231,0.5596614669685305,Railroad Financial Corp
332,GE,2016-08-31,2017-08-31,0.5764336585998535,0.5596614669685305,General Electric Co
333,CYH,2016-08-31,2017-08-31,0.5730524063110352,0.5596614669685305,Community Health Systems Inc
334,FFBC,2016-08-31,2017-08-31,0.5717269778251648,0.5596614669685305,First Financial Bancorp.
335,RYAM,2016-09-30,2017-09-30,0.5803075432777405,0.5625049168365664,Rayonier Advanced Materials Inc
336,CSGP,2016-09-30,2017-09-30,0.5479971766471863,0.5625049168365664,CoStar Group Inc
337,RRD,2016-09-30,2017-09-30,0.544291079044342,0.5625049168365664,R.R. Donnelley & Sons Co
338,TPX,2016-09-30,2017-09-30,0.5394856333732605,0.5625049168365664,Tempur Sealy International Inc
339,SPXC,2016-09-30,2017-09-30,0.5364261269569397,0.5625049168365664,SPX Corp
340,ANSS,2016-10-30,2017-10-30,0.5771869421005249,0.5546795888654686,ANSYS Inc
341,MTCH,2016-10-30,2017-10-30,0.5760040879249573,0.5546795888654686,Match Group Inc
342,NCR,2016-10-30,2017-10-30,0.5739142298698425,0.5546795888654686,NCR Corp
343,FBNC,2016-10-30,2017-10-30,0.5701579451560974,0.5546795888654686,First Bancorp/NC
344,WSBF,2016-10-30,2017-10-30,0.5673890709877014,0.5546795888654686,Waterstone Financial Inc
345,LRCX,2016-11-30,2017-11-30,0.583429217338562,0.559977251254318,Lam Research Corp
346,NCR,2016-11-30,2017-11-30,0.583429217338562,0.559977251254318,NCR Corp
347,CBSH,2016-11-30,2017-11-30,0.5802052021026611,0.559977251254318,Commerce Bancshares Inc
348,VOYA,2016-11-30,2017-11-30,0.5691606402397156,0.559977251254318,Voya Financial Inc
349,CSGP,2016-11-30,2017-11-30,0.5627079010009766,0.559977251254318,CoStar Group Inc
350,TPX,2016-12-30,2017-12-30,0.6230683922767639,0.5624593342940718,Tempur Sealy International Inc
351,RYAM,2016-12-30,2017-12-30,0.6175808310508728,0.5624593342940718,Rayonier Advanced Materials Inc
352,CYH,2016-12-30,2017-12-30,0.603421688079834,0.5624593342940718,Community Health Systems Inc
353,RRD,2016-12-30,2017-12-30,0.5966008901596069,0.5624593342940718,R.R. Donnelley & Sons Co
354,VRNS,2016-12-30,2017-12-30,0.5899102687835693,0.5624593342940718,Varonis Systems Inc
355,MTCH,2017-01-31,2018-01-31,0.589523434638977,0.5632996852273962,Match Group Inc
356,KEM,2017-01-31,2018-01-31,0.5855957269668579,0.5632996852273962,KEMET Corp
357,CYH,2017-01-31,2018-01-31,0.5796430706977844,0.5632996852273962,Community Health Systems Inc
358,VRNS,2017-01-31,2018-01-31,0.5776165127754211,0.5632996852273962,Varonis Systems Inc
359,COBZ,2017-01-31,2018-01-31,0.5749893188476562,0.5632996852273962,CoBiz Financial Inc
360,COBZ,2017-02-28,2018-02-28,0.6016022562980652,0.5589454629699848,CoBiz Financial Inc
361,RYAM,2017-02-28,2018-02-28,0.5977523922920227,0.5589454629699848,Rayonier Advanced Materials Inc
362,MTCH,2017-02-28,2018-02-28,0.5970313549041748,0.5589454629699848,Match Group Inc
363,TDG,2017-02-28,2018-02-28,0.5931196212768555,0.5589454629699848,TransDigm Group Inc
364,FBNC,2017-02-28,2018-02-28,0.5928030014038086,0.5589454629699848,First Bancorp/NC
365,TTD,2017-03-28,2018-03-28,0.6510806083679199,0.5583027047252038,Trade Desk Inc (The)
366,NCOM,2017-03-28,2018-03-28,0.6170327067375183,0.5583027047252038,National Commerce Corp
367,GCI,2017-03-28,2018-03-28,0.6122809648513794,0.5583027047252038,Gannett Co Inc
368,TDG,2017-03-28,2018-03-28,0.6112339496612549,0.5583027047252038,TransDigm Group Inc
369,CPF,2017-03-28,2018-03-28,0.6112275719642639,0.5583027047252038,Central Pacific Financial Corp.
370,TPX,2017-04-30,2018-04-30,0.6294922232627869,0.5596215516460032,Tempur Sealy International Inc
371,FBNC,2017-04-30,2018-04-30,0.6149308085441589,0.5596215516460032,First Bancorp/NC
372,CPF,2017-04-30,2018-04-30,0.6100190281867981,0.5596215516460032,Central Pacific Financial Corp.
373,GBNK,2017-04-30,2018-04-30,0.5955544710159302,0.5596215516460032,Citizens South Banking Corp
374,HTBK,2017-04-30,2018-04-30,0.5928366780281067,0.5596215516460032,Heritage Commerce Corp
375,TPX,2017-05-30,2018-05-30,0.6258750557899475,0.5586241254983182,Tempur Sealy International Inc
376,FULT,2017-05-30,2018-05-30,0.5991551280021667,0.5586241254983182,Fulton Financial Corp
377,FCF,2017-05-30,2018-05-30,0.5925893187522888,0.5586241254983182,First Commonwealth Financial Corp.
378,COBZ,2017-05-30,2018-05-30,0.5922666788101196,0.5586241254983182,CoBiz Financial Inc
379,CPF,2017-05-30,2018-05-30,0.5915296077728271,0.5586241254983182,Central Pacific Financial Corp.
380,FBNC,2017-06-30,2018-06-30,0.6738660931587219,0.5577923065227307,First Bancorp/NC
381,OCFC,2017-06-30,2018-06-30,0.6340475678443909,0.5577923065227307,OceanFirst Financial Corp.
382,CPF,2017-06-30,2018-06-30,0.627895176410675,0.5577923065227307,Central Pacific Financial Corp.
383,FOSL,2017-06-30,2018-06-30,0.624609112739563,0.5577923065227307,Fossil Group Inc
384,HAFC,2017-06-30,2018-06-30,0.6245288848876953,0.5577923065227307,Hanmi Financial Corp
385,GME,2017-07-30,2018-07-30,0.6222887635231018,0.559413115178405,GameStop Corp.
386,FBNC,2017-07-30,2018-07-30,0.6217084527015686,0.559413115178405,First Bancorp/NC
387,CPF,2017-07-30,2018-07-30,0.6161966323852539,0.559413115178405,Central Pacific Financial Corp.
388,OCFC,2017-07-30,2018-07-30,0.6141414046287537,0.559413115178405,OceanFirst Financial Corp.
389,GBNK,2017-07-30,2018-07-30,0.6118091940879822,0.559413115178405,Citizens South Banking Corp
390,COBZ,2017-08-31,2018-08-31,0.6060563921928406,0.5578704770424741,CoBiz Financial Inc
391,TTD,2017-08-31,2018-08-31,0.6054806709289551,0.5578704770424741,Trade Desk Inc (The)
392,CPF,2017-08-31,2018-08-31,0.6036944389343262,0.5578704770424741,Central Pacific Financial Corp.
393,VRNS,2017-08-31,2018-08-31,0.6031684279441833,0.5578704770424741,Varonis Systems Inc
394,FBNC,2017-08-31,2018-08-31,0.5966278314590454,0.5578704770424741,First Bancorp/NC
395,CPF,2017-09-30,2018-09-30,0.6762155890464783,0.5584321192435251,Central Pacific Financial Corp.
396,COBZ,2017-09-30,2018-09-30,0.6759816408157349,0.5584321192435251,CoBiz Financial Inc
397,FBNC,2017-09-30,2018-09-30,0.6592879891395569,0.5584321192435251,First Bancorp/NC
398,TTD,2017-09-30,2018-09-30,0.6543347239494324,0.5584321192435251,Trade Desk Inc (The)
399,FFWM,2017-09-30,2018-09-30,0.653650164604187,0.5584321192435251,First Financial Corp/MD
400,NCOM,2017-10-30,2018-10-30,0.6414130926132202,0.5575968200873173,National Commerce Corp
401,FCF,2017-10-30,2018-10-30,0.6405719518661499,0.5575968200873173,First Commonwealth Financial Corp.
402,CPF,2017-10-30,2018-10-30,0.6384361386299133,0.5575968200873173,Central Pacific Financial Corp.
403,HTBI,2017-10-30,2018-10-30,0.6343287229537964,0.5575968200873173,HomeTrust Bancshares Inc
404,OCFC,2017-10-30,2018-10-30,0.6340351104736328,0.5575968200873173,OceanFirst Financial Corp.
405,FCF,2017-11-30,2018-11-30,0.5753640532493591,0.5559122260328377,First Commonwealth Financial Corp.
406,HONE,2017-11-30,2018-11-30,0.5705928802490234,0.5559122260328377,HarborOne Bancorp Inc
407,FBNC,2017-11-30,2018-11-30,0.5621041059494019,0.5559122260328377,First Bancorp/NC
408,FRME,2017-11-30,2018-11-30,0.5616328716278076,0.5559122260328377,First Merchants Corp
409,GBNK,2017-11-30,2018-11-30,0.5593518614768982,0.5559122260328377,Citizens South Banking Corp
410,CPF,2017-12-30,2018-12-30,0.6285040974617004,0.5568279657929557,Central Pacific Financial Corp.
411,TTD,2017-12-30,2018-12-30,0.6035959124565125,0.5568279657929557,Trade Desk Inc (The)
412,TPX,2017-12-30,2018-12-30,0.5999706387519836,0.5568279657929557,Tempur Sealy International Inc
413,FCF,2017-12-30,2018-12-30,0.5994081497192383,0.5568279657929557,First Commonwealth Financial Corp.
414,GBNK,2017-12-30,2018-12-30,0.5958989858627319,0.5568279657929557,Citizens South Banking Corp
415,CPF,2018-01-31,2019-01-31,0.597249448299408,0.5585784420211148,Central Pacific Financial Corp.
416,CBTX,2018-01-31,2019-01-31,0.5886574387550354,0.5585784420211148,CBTX Inc
417,OPB,2018-01-31,2019-01-31,0.5854809880256653,0.5585784420211148,Opus Bank
418,FBNC,2018-01-31,2019-01-31,0.5851069688796997,0.5585784420211148,First Bancorp/NC
419,HTBK,2018-01-31,2019-01-31,0.5850597023963928,0.5585784420211148,Heritage Commerce Corp
420,TTD,2018-02-28,2019-02-28,0.5815785527229309,0.5576521191319271,Trade Desk Inc (The)
421,TPX,2018-02-28,2019-02-28,0.579610288143158,0.5576521191319271,Tempur Sealy International Inc
422,FCF,2018-02-28,2019-02-28,0.5780872702598572,0.5576521191319271,First Commonwealth Financial Corp.
423,STMP,2018-02-28,2019-02-28,0.5727807879447937,0.5576521191319271,Stamps.com Inc
424,FTNT,2018-02-28,2019-02-28,0.5706768035888672,0.5576521191319271,Fortinet Inc
425,TTD,2018-03-28,2019-03-28,0.6225329637527466,0.5570193127922352,Trade Desk Inc (The)
426,TPX,2018-03-28,2019-03-28,0.5934743285179138,0.5570193127922352,Tempur Sealy International Inc
427,FTNT,2018-03-28,2019-03-28,0.5928957462310791,0.5570193127922352,Fortinet Inc
428,DHR,2018-03-28,2019-03-28,0.5912510752677917,0.5570193127922352,Danaher Corp
429,OMER,2018-03-28,2019-03-28,0.5870954394340515,0.5570193127922352,Omeros Corp
430,STMP,2018-04-30,2019-04-30,0.6169463992118835,0.5577624239231499,Stamps.com Inc
431,TTD,2018-04-30,2019-04-30,0.610898494720459,0.5577624239231499,Trade Desk Inc (The)
432,TPX,2018-04-30,2019-04-30,0.5997793078422546,0.5577624239231499,Tempur Sealy International Inc
433,GME,2018-04-30,2019-04-30,0.5950904488563538,0.5577624239231499,GameStop Corp.
434,SSNC,2018-04-30,2019-04-30,0.5888552069664001,0.5577624239231499,SS&C Technologies Holdings Inc
435,GME,2018-05-30,2019-05-30,0.6567762494087219,0.5583319700878739,GameStop Corp.
436,ANGI,2018-05-30,2019-05-30,0.6288979649543762,0.5583319700878739,Angi Inc
437,CRM,2018-05-30,2019-05-30,0.6089009642601013,0.5583319700878739,SALESFORCE INC
438,KEYS,2018-05-30,2019-05-30,0.603492021560669,0.5583319700878739,Keysight Technologies Inc
439,TPX,2018-05-30,2019-05-30,0.6013683676719666,0.5583319700878739,Tempur Sealy International Inc
440,VRNS,2018-06-30,2019-06-30,0.6166064143180847,0.5580203554437144,Varonis Systems Inc
441,STMP,2018-06-30,2019-06-30,0.6124821305274963,0.5580203554437144,Stamps.com Inc
442,VRSN,2018-06-30,2019-06-30,0.6119611263275146,0.5580203554437144,Verisign Inc
443,ACIW,2018-06-30,2019-06-30,0.6115793585777283,0.5580203554437144,ACI Worldwide Inc
444,GDDY,2018-06-30,2019-06-30,0.6086013913154602,0.5580203554437144,GoDaddy Inc
445,GDDY,2018-07-30,2019-07-30,0.6429312229156494,0.5587363383969635,GoDaddy Inc
446,ACIW,2018-07-30,2019-07-30,0.6241121888160706,0.5587363383969635,ACI Worldwide Inc
447,TBBK,2018-07-30,2019-07-30,0.6192612051963806,0.5587363383969635,Bancorp Inc (The)
448,OPB,2018-07-30,2019-07-30,0.6142005920410156,0.5587363383969635,Opus Bank
449,VRSN,2018-07-30,2019-07-30,0.6131167411804199,0.5587363383969635,Verisign Inc
450,GME,2018-08-31,2019-08-31,0.6218776106834412,0.5580084322162819,GameStop Corp.
451,STMP,2018-08-31,2019-08-31,0.5994042754173279,0.5580084322162819,Stamps.com Inc
452,VRSN,2018-08-31,2019-08-31,0.5970734357833862,0.5580084322162819,Verisign Inc
453,EXPI,2018-08-31,2019-08-31,0.5932105183601379,0.5580084322162819,eXp World Holdings Inc
454,CDK,2018-08-31,2019-08-31,0.592208206653595,0.5580084322162819,CDK Global Inc
455,EXPI,2018-09-30,2019-09-30,0.6411473751068115,0.5598941242341408,eXp World Holdings Inc
456,ACCO,2018-09-30,2019-09-30,0.6168063282966614,0.5598941242341408,ACCO Brands Corp
457,PRTY,2018-09-30,2019-09-30,0.6068994402885437,0.5598941242341408,Party City Holdco Inc
458,TPX,2018-09-30,2019-09-30,0.6061709523200989,0.5598941242341408,Tempur Sealy International Inc
459,TPH,2018-09-30,2019-09-30,0.6004934906959534,0.5598941242341408,Tri Pointe Homes Inc
460,EXPI,2018-10-30,2019-10-30,0.5623368620872498,0.5515735743494664,eXp World Holdings Inc
461,UPLD,2018-10-30,2019-10-30,0.5514705181121826,0.5515735743494664,Upland Software Inc
462,BOX,2018-10-30,2019-10-30,0.5501996278762817,0.5515735743494664,Box Inc
463,TPX,2018-10-30,2019-10-30,0.5496847629547119,0.5515735743494664,Tempur Sealy International Inc
464,RCII,2018-10-30,2019-10-30,0.5491800904273987,0.5515735743494664,RehabClinics Inc
465,TPX,2018-11-30,2019-11-30,0.6252850294113159,0.5581996120253571,Tempur Sealy International Inc
466,ACCO,2018-11-30,2019-11-30,0.6191118955612183,0.5581996120253571,ACCO Brands Corp
467,VRNS,2018-11-30,2019-11-30,0.6110208034515381,0.5581996120253571,Varonis Systems Inc
468,SCVL,2018-11-30,2019-11-30,0.6103021502494812,0.5581996120253571,Shoe Carnival Inc
469,UNFI,2018-11-30,2019-11-30,0.6093726754188538,0.5581996120253571,UNIFI INC.
470,UNFI,2018-12-30,2019-12-30,0.6221680045127869,0.5607788254142155,UNIFI INC.
471,TPX,2018-12-30,2019-12-30,0.6124086976051331,0.5607788254142155,Tempur Sealy International Inc
472,ACCO,2018-12-30,2019-12-30,0.6066346168518066,0.5607788254142155,ACCO Brands Corp
473,BBBY,2018-12-30,2019-12-30,0.6055030226707458,0.5607788254142155,Bed Bath & Beyond Inc.
474,GME,2018-12-30,2019-12-30,0.6031875014305115,0.5607788254142155,GameStop Corp.
475,BOX,2019-01-31,2020-01-31,0.6014224290847778,0.5605433909854387,Box Inc
476,EXPI,2019-01-31,2020-01-31,0.6013202667236328,0.5605433909854387,eXp World Holdings Inc
477,UNFI,2019-01-31,2020-01-31,0.5992246270179749,0.5605433909854387,UNIFI INC.
478,MTCH,2019-01-31,2020-01-31,0.5963174700737,0.5605433909854387,Match Group Inc
479,GME,2019-01-31,2020-01-31,0.5955983400344849,0.5605433909854387,GameStop Corp.
480,MTCH,2019-02-28,2020-02-28,0.6154590249061584,0.5593201750307201,Match Group Inc
481,VRNS,2019-02-28,2020-02-28,0.606088399887085,0.5593201750307201,Varonis Systems Inc
482,PRTY,2019-02-28,2020-02-28,0.5995029211044312,0.5593201750307201,Party City Holdco Inc
483,EIGI,2019-02-28,2020-02-28,0.5909714698791504,0.5593201750307201,Endurance International Group Holdings Inc
484,BOX,2019-02-28,2020-02-28,0.5858919024467468,0.5593201750307201,Box Inc
485,PRTY,2019-03-28,2020-03-28,0.5956487059593201,0.5610421885153353,Party City Holdco Inc
486,BOX,2019-03-28,2020-03-28,0.5955937504768372,0.5610421885153353,Box Inc
487,MIK,2019-03-28,2020-03-28,0.5918827652931213,0.5610421885153353,Michaels Cos Inc (The)
488,EXPI,2019-03-28,2020-03-28,0.5901237726211548,0.5610421885153353,eXp World Holdings Inc
489,WK,2019-03-28,2020-03-28,0.5853773951530457,0.5610421885153353,Workiva Inc
490,ACCO,2019-04-30,2020-04-30,0.559237003326416,0.5561478562758669,ACCO Brands Corp
491,MIK,2019-04-30,2020-04-30,0.5583696365356445,0.5561478562758669,Michaels Cos Inc (The)
492,TEN,2019-04-30,2020-04-30,0.5581231117248535,0.5561478562758669,Tenneco Inc
493,UNFI,2019-04-30,2020-04-30,0.5579173564910889,0.5561478562758669,UNIFI INC.
494,CONN,2019-04-30,2020-04-30,0.5529530048370361,0.5561478562758669,Conn's Inc
495,GME,2019-05-30,2020-05-30,0.6215133666992188,0.5603871389370567,GameStop Corp.
496,BBBY,2019-05-30,2020-05-30,0.6154802441596985,0.5603871389370567,Bed Bath & Beyond Inc.
497,DPZ,2019-05-30,2020-05-30,0.6134641170501709,0.5603871389370567,Domino's Pizza Inc
498,BOX,2019-05-30,2020-05-30,0.6119881868362427,0.5603871389370567,Box Inc
499,PRTY,2019-05-30,2020-05-30,0.6111674308776855,0.5603871389370567,Party City Holdco Inc
500,BOX,2019-06-30,2020-06-30,0.6403094530105591,0.5610391855966456,Box Inc
501,CSOD,2019-06-30,2020-06-30,0.6376228332519531,0.5610391855966456,Cornerstone OnDemand Inc
502,TEN,2019-06-30,2020-06-30,0.6356237530708313,0.5610391855966456,Tenneco Inc
503,EXPI,2019-06-30,2020-06-30,0.6294909715652466,0.5610391855966456,eXp World Holdings Inc
504,MIK,2019-06-30,2020-06-30,0.6198744177818298,0.5610391855966456,Michaels Cos Inc (The)
505,AMAL,2019-07-30,2020-07-30,0.7104560136795044,0.5636421698657321,Amalgamated Financial Corp
506,MTCH,2019-07-30,2020-07-30,0.7066680788993835,0.5636421698657321,Match Group Inc
507,TPC,2019-07-30,2020-07-30,0.7009865045547485,0.5636421698657321,SunCom Wireless Holdings Inc
508,BBBY,2019-07-30,2020-07-30,0.6966245770454407,0.5636421698657321,Bed Bath & Beyond Inc.
509,GT,2019-07-30,2020-07-30,0.6821926832199097,0.5636421698657321,Goodyear Tire & Rubber Co
510,PRTY,2019-08-31,2020-08-31,0.706936240196228,0.5628264010177457,Party City Holdco Inc
511,DPZ,2019-08-31,2020-08-31,0.6831290125846863,0.5628264010177457,Domino's Pizza Inc
512,CNR,2019-08-31,2020-08-31,0.6690810918807983,0.5628264010177457,Canargo Energy Corp
513,ANGI,2019-08-31,2020-08-31,0.6690126061439514,0.5628264010177457,Angi Inc
514,WK,2019-08-31,2020-08-31,0.6632623076438904,0.5628264010177457,Workiva Inc
515,TEN,2019-09-30,2020-09-30,0.7550474405288696,0.5623877462541774,Tenneco Inc
516,VRSN,2019-09-30,2020-09-30,0.7168169617652893,0.5623877462541774,Verisign Inc
517,CNR,2019-09-30,2020-09-30,0.7135565876960754,0.5623877462541774,Canargo Energy Corp
518,BOX,2019-09-30,2020-09-30,0.7116625905036926,0.5623877462541774,Box Inc
519,EXPI,2019-09-30,2020-09-30,0.7101684808731079,0.5623877462541774,eXp World Holdings Inc
520,MTCH,2019-10-30,2020-10-30,0.628638505935669,0.5633480247787784,Match Group Inc
521,CNR,2019-10-30,2020-10-30,0.6217397451400757,0.5633480247787784,Canargo Energy Corp
522,TEN,2019-10-30,2020-10-30,0.6208950877189636,0.5633480247787784,Tenneco Inc
523,BOX,2019-10-30,2020-10-30,0.6205300092697144,0.5633480247787784,Box Inc
524,AXL,2019-10-30,2020-10-30,0.6160642504692078,0.5633480247787784,American Axle & Manufacturing Holdings Inc
525,TEN,2019-11-30,2020-11-30,0.6606132984161377,0.5639506457631525,Tenneco Inc
526,BOX,2019-11-30,2020-11-30,0.6234829425811768,0.5639506457631525,Box Inc
527,EVER,2019-11-30,2020-11-30,0.6219895482063293,0.5639506457631525,EverBank Financial Corp
528,EXPI,2019-11-30,2020-11-30,0.6218465566635132,0.5639506457631525,eXp World Holdings Inc
529,AXL,2019-11-30,2020-11-30,0.6207780838012695,0.5639506457631525,American Axle & Manufacturing Holdings Inc
530,TEN,2019-12-30,2020-12-30,0.6781070232391357,0.5629394130900031,Tenneco Inc
531,EVER,2019-12-30,2020-12-30,0.6484576463699341,0.5629394130900031,EverBank Financial Corp
532,EXPI,2019-12-30,2020-12-30,0.6468002200126648,0.5629394130900031,eXp World Holdings Inc
533,TPC,2019-12-30,2020-12-30,0.63565593957901,0.5629394130900031,SunCom Wireless Holdings Inc
534,AXL,2019-12-30,2020-12-30,0.6284311413764954,0.5629394130900031,American Axle & Manufacturing Holdings Inc
535,TEN,2020-01-31,2021-01-31,0.6798868775367737,0.5634730229352385,Tenneco Inc
536,MTCH,2020-01-31,2021-01-31,0.6546885967254639,0.5634730229352385,Match Group Inc
537,CENX,2020-01-31,2021-01-31,0.6477514505386353,0.5634730229352385,Century Aluminum Co
538,BTU,2020-01-31,2021-01-31,0.6461607813835144,0.5634730229352385,Peabody Energy Corp
539,EXPI,2020-01-31,2021-01-31,0.6402313113212585,0.5634730229352385,eXp World Holdings Inc
540,MTCH,2020-02-29,2021-02-28,0.643347978591919,0.5618061217965128,Match Group Inc
541,MD,2020-02-29,2021-02-28,0.6338315010070801,0.5618061217965128,McDonnell Douglas Corp
542,VRNS,2020-02-29,2021-02-28,0.6263328194618225,0.5618061217965128,Varonis Systems Inc
543,TENB,2020-02-29,2021-02-28,0.6243521571159363,0.5618061217965128,Tenable Holdings Inc
544,FICO,2020-02-29,2021-02-28,0.6236351132392883,0.5618061217965128,Agrolife Corp
545,MTCH,2020-03-29,2021-03-29,0.636736273765564,0.5603601817906233,Match Group Inc
546,ADBE,2020-03-29,2021-03-29,0.6203578114509583,0.5603601817906233,Adobe Inc
547,EXPI,2020-03-29,2021-03-29,0.6119675040245056,0.5603601817906233,eXp World Holdings Inc
548,VSTO,2020-03-29,2021-03-29,0.6090948581695557,0.5603601817906233,Vista Outdoor Inc
549,VG,2020-03-29,2021-03-29,0.6087836623191833,0.5603601817906233,Viasystems Group Inc
550,ACCO,2020-04-30,2021-04-30,0.6744469404220581,0.5592698494910804,ACCO Brands Corp
551,FICO,2020-04-30,2021-04-30,0.6698945164680481,0.5592698494910804,Agrolife Corp
552,BPFH,2020-04-30,2021-04-30,0.6620570421218872,0.5592698494910804,Boston Private Financial Holdings Inc
553,WING,2020-04-30,2021-04-30,0.6574987769126892,0.5592698494910804,Wingstop Inc
554,ADSK,2020-04-30,2021-04-30,0.655979573726654,0.5592698494910804,AUTODESK INC
555,RNG,2020-05-30,2021-05-30,0.5237395763397217,0.5531098674171844,RingCentral Inc
556,MODN,2020-05-30,2021-05-30,0.5217533111572266,0.5531098674171844,Model N Inc
557,WDAY,2020-05-30,2021-05-30,0.5217533111572266,0.5531098674171844,Workday Inc
558,PCTY,2020-05-30,2021-05-30,0.5203653573989868,0.5531098674171844,Party City Corp
559,NOW,2020-05-30,2021-05-30,0.5200461745262146,0.5531098674171844,ServiceNow Inc
560,PCTY,2020-06-30,2021-06-30,0.5522475242614746,0.5442196731914912,Party City Corp
561,CRNC,2020-06-30,2021-06-30,0.5522475242614746,0.5442196731914912,Cerence Inc
562,CDAY,2020-06-30,2021-06-30,0.5522475242614746,0.5442196731914912,Ceridian HCM Holding Inc
563,SSNC,2020-06-30,2021-06-30,0.5522475242614746,0.5442196731914912,SS&C Technologies Holdings Inc
564,IRDM,2020-06-30,2021-06-30,0.5522475242614746,0.5442196731914912,Iridium Communications Inc
565,DPZ,2020-07-30,2021-07-30,0.54531329870224,0.553533438651922,Domino's Pizza Inc
566,FICO,2020-07-30,2021-07-30,0.5417049527168274,0.553533438651922,Agrolife Corp
567,MTCH,2020-07-30,2021-07-30,0.5391902923583984,0.553533438651922,Match Group Inc
568,VRSN,2020-07-30,2021-07-30,0.535862147808075,0.553533438651922,Verisign Inc
569,PAYC,2020-07-30,2021-07-30,0.5322059392929077,0.553533438651922,Payco American Corp
570,BOX,2020-08-31,2021-08-31,0.53012615442276,0.5544190532037291,Box Inc
571,NOW,2020-08-31,2021-08-31,0.5300636291503906,0.5544190532037291,ServiceNow Inc
572,MTCH,2020-08-31,2021-08-31,0.5299594402313232,0.5544190532037291,Match Group Inc
573,TENB,2020-08-31,2021-08-31,0.5293184518814087,0.5544190532037291,Tenable Holdings Inc
574,CME,2020-08-31,2021-08-31,0.5283825397491455,0.5544190532037291,Ameriquest Technologies Inc
575,MTCH,2020-09-30,2021-09-30,0.5690310597419739,0.5488275533951269,Match Group Inc
576,EXPE,2020-09-30,2021-09-30,0.5690310597419739,0.5488275533951269,Expedia Group Inc
577,MA,2020-09-30,2021-09-30,0.5425809025764465,0.5488275533951269,Mastercard Inc
578,V,2020-09-30,2021-09-30,0.5425809025764465,0.5488275533951269,Visa Inc
579,BSX,2020-09-30,2021-09-30,0.5168097615242004,0.5488275533951269,Boston Scientific Corp
580,CDAY,2020-10-30,2021-10-30,0.5352309346199036,0.5497607206163921,Ceridian HCM Holding Inc
581,MCHP,2020-10-30,2021-10-30,0.5352309346199036,0.5497607206163921,Microchip Technology Inc
582,ROP,2020-10-30,2021-10-30,0.5352309346199036,0.5497607206163921,Roper Technologies Inc
583,SSNC,2020-10-30,2021-10-30,0.5352309346199036,0.5497607206163921,SS&C Technologies Holdings Inc
584,CHNG,2020-10-30,2021-10-30,0.5352309346199036,0.5497607206163921,Cash Technologies Inc
585,ADSK,2020-11-30,2021-11-30,0.5680440068244934,0.5583312852480659,AUTODESK INC
586,WDAY,2020-11-30,2021-11-30,0.5551490187644958,0.5583312852480659,Workday Inc
587,PEGA,2020-11-30,2021-11-30,0.5541639924049377,0.5583312852480659,Pegasystems Inc
588,NFLX,2020-11-30,2021-11-30,0.5537712574005127,0.5583312852480659,Netflix Inc
589,ZEN,2020-11-30,2021-11-30,0.5527863502502441,0.5583312852480659,ZENDESK INC
590,MCO,2020-12-30,2021-12-30,0.6146760582923889,0.5615558436551703,Moody's Corp.
591,FICO,2020-12-30,2021-12-30,0.6025379300117493,0.5615558436551703,Agrolife Corp
592,WDAY,2020-12-30,2021-12-30,0.5988705158233643,0.5615558436551703,Workday Inc
593,PAYC,2020-12-30,2021-12-30,0.5869240760803223,0.5615558436551703,Payco American Corp
594,WING,2020-12-30,2021-12-30,0.5853469967842102,0.5615558436551703,Wingstop Inc
595,ADSK,2021-01-31,2022-01-31,0.5713249444961548,0.5642803504380476,AUTODESK INC
596,MTCH,2021-01-31,2022-01-31,0.5696813464164734,0.5642803504380476,Match Group Inc
597,NOW,2021-01-31,2022-01-31,0.5691832304000854,0.5642803504380476,ServiceNow Inc
598,DBX,2021-01-31,2022-01-31,0.5633119940757751,0.5642803504380476,Dropbox Inc
599,WDAY,2021-01-31,2022-01-31,0.5617462992668152,0.5642803504380476,Workday Inc
